{
    "Mean": [
        0.5100934230547548,
        0.509709069254156,
        0.45400166742015474
    ],
    "Std": [
        0.2858418032497054,
        0.2728733060742799,
        0.2960648238127131
    ]
}